{"min": -1.4990567938511627, "names": ["HSPA12A", "HSPA1B///HSPA1A", "GPLD1", "GPLD1", "HSPA4", "HSPA9", "HSPA8", "HSPA1B///HSPA1A", "HSPA4L", "HSPA4", "HSPA8", "HSPA4", "HSPA9", "HSPA9", "GPLD1", "HSPA14", "HSPA8", "HSPA4", "HSPA6", "PLD1", "HSPA6", "PLD1", "HSPA5", "PLD3", "PLD1", "PLD1", "PLD2", "HSPA1L", "PLD1", "HSPA13", "HSPA12A", "HSPA1A", "GPLD1", "HSPA2", "GPLD1"], "col_dendrogram": ["6", "6.4", "6.4.1", "6.4.3", "6.5", "6.5.0", "6.5.2"], "clustered_data": [[[-0.6690596663316061, 0, 1], [-0.8681885602225644, 0, 3], [1.324070659654385, 0, 0], [0.21317756689978465, 0, 2]], [[1.4674625460827133, 1, 1], [-0.7164098390782252, 1, 3], [-0.21541618210927438, 1, 0], [-0.5356365248952085, 1, 2]], [[1.4709342904763831, 2, 1], [-0.7381457300041694, 2, 3], [-0.25914770174084245, 2, 0], [-0.47364085873137135, 2, 2]], [[0.027103584887098728, 3, 1], [-0.33536351127005004, 3, 3], [1.3456173991067855, 3, 0], [-1.0373574727238344, 3, 2]], [[0.5002267657068781, 4, 1], [-1.4262226674687601, 4, 3], [0.8417642908775347, 4, 0], [0.08423161088434843, 4, 2]], [[0.40036604350841876, 5, 1], [-0.8731858296817759, 5, 3], [1.2277408829558176, 5, 0], [-0.7549210967824603, 5, 2]], [[0.6521665701443329, 6, 1], [-1.1926707115494775, 6, 3], [0.9795273963555191, 6, 0], [-0.43902325495037103, 6, 2]], [[0.9229289024647724, 7, 1], [-1.2088709137401652, 7, 3], [0.7112807530475406, 7, 0], [-0.4253387417721455, 7, 2]], [[0.9740867940781831, 8, 1], [-1.0486266826744515, 8, 3], [0.7260220406614372, 8, 0], [-0.65148215206517, 8, 2]], [[0.8976980779758199, 9, 1], [-1.1462039241544606, 9, 3], [0.7759726278930628, 9, 0], [-0.5274667817144212, 9, 2]], [[0.8396143854366723, 10, 1], [-1.114426513965119, 10, 3], [0.8499158451606625, 10, 0], [-0.5751037166322154, 10, 2]], [[0.8135951323412862, 11, 1], [-1.1444073325427706, 11, 3], [0.8631440387108741, 11, 0], [-0.5323318385093898, 11, 2]], [[0.7756421251807853, 12, 1], [-0.8000378660485057, 12, 3], [0.9497535035691284, 12, 0], [-0.9253577627014072, 12, 2]], [[0.8675686056006137, 13, 1], [-0.7993261877746103, 13, 3], [0.8620020656197338, 13, 0], [-0.9302444834457378, 13, 2]], [[0.9263867785281822, 14, 1], [-0.7480337209960112, 14, 3], [0.7957947086918057, 14, 0], [-0.9741477662239765, 14, 2]], [[0.843916119419939, 15, 1], [-0.9595401137522228, 15, 3], [0.8825555632067891, 15, 0], [-0.7669315688745051, 15, 2]], [[0.605982331155278, 16, 1], [-0.9866375375891668, 16, 3], [1.081080821188957, 16, 0], [-0.7004256147550652, 16, 2]], [[0.7191246603026008, 17, 1], [-0.9986209595912007, 17, 3], [0.9902059120733956, 17, 0], [-0.7107096127847949, 17, 2]], [[0.09863078622110173, 18, 1], [0.5412145763574241, 18, 3], [-1.4363136760444695, 18, 0], [0.7964683134659435, 18, 2]], [[-0.8721105109736645, 19, 1], [0.27892346077418095, 19, 3], [-0.6998224325747688, 19, 0], [1.2930094827742526, 19, 2]], [[-1.0807364697919897, 20, 1], [0.952127357024096, 20, 3], [-0.612892618345979, 20, 0], [0.7415017311138714, 20, 2]], [[-0.8993097234724905, 21, 1], [0.8838469378844619, 21, 3], [-0.8318926489029295, 21, 0], [0.847355434490958, 21, 2]], [[-0.7931608023336895, 22, 1], [0.9369372943612391, 22, 3], [-0.9329075861701226, 22, 0], [0.7891310941425728, 22, 2]], [[-0.8106112329357421, 23, 1], [0.9630357056314209, 23, 3], [-0.914023387138729, 23, 0], [0.7615989144430503, 23, 2]], [[-0.6827845161646228, 24, 1], [0.8052673479951984, 24, 3], [-1.0302225253008124, 24, 0], [0.9077396934702366, 24, 2]], [[-0.8103680344485836, 25, 1], [0.7660462984229512, 25, 3], [-0.914720797213447, 25, 0], [0.9590425332390792, 25, 2]], [[-0.544357864730648, 26, 1], [1.1561148996248125, 26, 3], [-1.0739766619247748, 26, 0], [0.46221962703061137, 26, 2]], [[-0.4321623890244035, 27, 1], [0.6783158153913449, 27, 3], [-1.2007658078315053, 27, 0], [0.9546123814645646, 27, 2]], [[-0.397916566593134, 28, 1], [0.8828081332385289, 28, 3], [-1.2285371305661268, 28, 0], [0.7436455639207316, 28, 2]], [[-0.7104356033924354, 29, 1], [-0.4401376667407532, 29, 3], [-0.33015542900375133, 29, 0], [1.480728699136942, 29, 2]], [[-1.4990567938511627, 30, 1], [0.5498067499915857, 30, 3], [0.4759371935380902, 30, 0], [0.4733128503214852, 30, 2]], [[0.9473050504136005, 31, 1], [-0.531496080685902, 31, 3], [-1.1389459737416014, 31, 0], [0.7231370040139052, 31, 2]], [[-0.4310463788324082, 32, 1], [0.6687537369509473, 32, 3], [0.9625146819902306, 32, 0], [-1.2002220401087695, 32, 2]], [[0.42479287250965836, 33, 1], [1.2085570299715152, 33, 3], [-0.7048157343566052, 33, 0], [-0.9285341681245672, 33, 2]], [[-0.7041026930179878, 34, 1], [1.2510772812471682, 34, 3], [0.35478590838085716, 34, 0], [-0.9017604966100372, 34, 2]]], "labels": ["GSM1076966", "GSM1076968", "GSM1076965", "GSM1076967"], "dendrogram": ["68", "68.65", "68.65.19", "68.65.64", "68.65.64.37", "68.65.64.37.5", "68.65.64.37.28", "68.65.64.61", "68.65.64.61.33", "68.65.64.61.57", "68.65.64.61.57.10", "68.65.64.61.57.55", "68.65.64.61.57.55.1", "68.65.64.61.57.55.51", "68.65.64.61.57.55.51.49", "68.65.64.61.57.55.51.49.22", "68.65.64.61.57.55.51.49.46", "68.65.64.61.57.55.51.49.46.7", "68.65.64.61.57.55.51.49.46.44", "68.65.64.61.57.55.51.49.46.44.8", "68.65.64.61.57.55.51.49.46.44.38", "68.65.64.61.57.55.51.49.46.44.38.14", "68.65.64.61.57.55.51.49.46.44.38.36", "68.65.64.61.57.55.51.49.46.44.38.36.9", "68.65.64.61.57.55.51.49.46.44.38.36.11", "68.65.64.61.57.55.51.50", "68.65.64.61.57.55.51.50.42", "68.65.64.61.57.55.51.50.42.2", "68.65.64.61.57.55.51.50.42.39", "68.65.64.61.57.55.51.50.42.39.3", "68.65.64.61.57.55.51.50.42.39.26", "68.65.64.61.57.55.51.50.48", "68.65.64.61.57.55.51.50.48.20", "68.65.64.61.57.55.51.50.48.41", "68.65.64.61.57.55.51.50.48.41.13", "68.65.64.61.57.55.51.50.48.41.15", "68.67", "68.67.63", "68.67.63.58", "68.67.63.58.18", "68.67.63.58.56", "68.67.63.58.56.34", "68.67.63.58.56.54", "68.67.63.58.56.54.52", "68.67.63.58.56.54.52.0", "68.67.63.58.56.54.52.45", "68.67.63.58.56.54.52.45.40", "68.67.63.58.56.54.52.45.40.23", "68.67.63.58.56.54.52.45.40.35", "68.67.63.58.56.54.52.45.40.35.17", "68.67.63.58.56.54.52.45.40.35.24", "68.67.63.58.56.54.52.45.43", "68.67.63.58.56.54.52.45.43.31", "68.67.63.58.56.54.52.45.43.32", "68.67.63.58.56.54.53", "68.67.63.58.56.54.53.29", "68.67.63.58.56.54.53.47", "68.67.63.58.56.54.53.47.12", "68.67.63.58.56.54.53.47.25", "68.67.63.60", "68.67.63.60.6", "68.67.63.60.21", "68.67.66", "68.67.66.4", "68.67.66.62", "68.67.66.62.30", "68.67.66.62.59", "68.67.66.62.59.16", "68.67.66.62.59.27"], "max": 1.480728699136942}