{"max": 1.480728699136942, "names": ["HSPA4", "HSPA8", "HSPA1B///HSPA1A", "HSPA4L", "HSPA4", "HSPA8", "HSPA4", "HSPA9", "HSPA9", "HSPA9", "GPLD1", "HSPA14", "HSPA8", "HSPA4", "HSPA1B///HSPA1A", "GPLD1", "HSPA12A", "GPLD1", "HSPA6", "PLD2", "HSPA1L", "PLD1", "PLD1", "HSPA6", "PLD1", "PLD1", "PLD1", "HSPA5", "PLD3", "GPLD1", "HSPA2", "GPLD1", "HSPA1A", "HSPA13", "HSPA12A"], "min": -1.4990567938511627, "labels": ["GSM1076966", "GSM1076968", "GSM1076965", "GSM1076967"], "col_dendrogram": ["6", "6.4", "6.4.1", "6.4.3", "6.5", "6.5.0", "6.5.2"], "clustered_data": [[[0.5002267657068781, 0, 1], [-1.4262226674687601, 0, 3], [0.8417642908775347, 0, 0], [0.08423161088434843, 0, 2]], [[0.6521665701443329, 1, 1], [-1.1926707115494775, 1, 3], [0.9795273963555191, 1, 0], [-0.43902325495037103, 1, 2]], [[0.9229289024647724, 2, 1], [-1.2088709137401652, 2, 3], [0.7112807530475406, 2, 0], [-0.4253387417721455, 2, 2]], [[0.9740867940781831, 3, 1], [-1.0486266826744515, 3, 3], [0.7260220406614372, 3, 0], [-0.65148215206517, 3, 2]], [[0.8976980779758199, 4, 1], [-1.1462039241544606, 4, 3], [0.7759726278930628, 4, 0], [-0.5274667817144212, 4, 2]], [[0.8396143854366723, 5, 1], [-1.114426513965119, 5, 3], [0.8499158451606625, 5, 0], [-0.5751037166322154, 5, 2]], [[0.8135951323412862, 6, 1], [-1.1444073325427706, 6, 3], [0.8631440387108741, 6, 0], [-0.5323318385093898, 6, 2]], [[0.40036604350841876, 7, 1], [-0.8731858296817759, 7, 3], [1.2277408829558176, 7, 0], [-0.7549210967824603, 7, 2]], [[0.7756421251807853, 8, 1], [-0.8000378660485057, 8, 3], [0.9497535035691284, 8, 0], [-0.9253577627014072, 8, 2]], [[0.8675686056006137, 9, 1], [-0.7993261877746103, 9, 3], [0.8620020656197338, 9, 0], [-0.9302444834457378, 9, 2]], [[0.9263867785281822, 10, 1], [-0.7480337209960112, 10, 3], [0.7957947086918057, 10, 0], [-0.9741477662239765, 10, 2]], [[0.843916119419939, 11, 1], [-0.9595401137522228, 11, 3], [0.8825555632067891, 11, 0], [-0.7669315688745051, 11, 2]], [[0.605982331155278, 12, 1], [-0.9866375375891668, 12, 3], [1.081080821188957, 12, 0], [-0.7004256147550652, 12, 2]], [[0.7191246603026008, 13, 1], [-0.9986209595912007, 13, 3], [0.9902059120733956, 13, 0], [-0.7107096127847949, 13, 2]], [[1.4674625460827133, 14, 1], [-0.7164098390782252, 14, 3], [-0.21541618210927438, 14, 0], [-0.5356365248952085, 14, 2]], [[1.4709342904763831, 15, 1], [-0.7381457300041694, 15, 3], [-0.25914770174084245, 15, 0], [-0.47364085873137135, 15, 2]], [[-0.6690596663316061, 16, 1], [-0.8681885602225644, 16, 3], [1.324070659654385, 16, 0], [0.21317756689978465, 16, 2]], [[0.027103584887098728, 17, 1], [-0.33536351127005004, 17, 3], [1.3456173991067855, 17, 0], [-1.0373574727238344, 17, 2]], [[0.09863078622110173, 18, 1], [0.5412145763574241, 18, 3], [-1.4363136760444695, 18, 0], [0.7964683134659435, 18, 2]], [[-0.544357864730648, 19, 1], [1.1561148996248125, 19, 3], [-1.0739766619247748, 19, 0], [0.46221962703061137, 19, 2]], [[-0.4321623890244035, 20, 1], [0.6783158153913449, 20, 3], [-1.2007658078315053, 20, 0], [0.9546123814645646, 20, 2]], [[-0.397916566593134, 21, 1], [0.8828081332385289, 21, 3], [-1.2285371305661268, 21, 0], [0.7436455639207316, 21, 2]], [[-0.8721105109736645, 22, 1], [0.27892346077418095, 22, 3], [-0.6998224325747688, 22, 0], [1.2930094827742526, 22, 2]], [[-1.0807364697919897, 23, 1], [0.952127357024096, 23, 3], [-0.612892618345979, 23, 0], [0.7415017311138714, 23, 2]], [[-0.6827845161646228, 24, 1], [0.8052673479951984, 24, 3], [-1.0302225253008124, 24, 0], [0.9077396934702366, 24, 2]], [[-0.8103680344485836, 25, 1], [0.7660462984229512, 25, 3], [-0.914720797213447, 25, 0], [0.9590425332390792, 25, 2]], [[-0.8993097234724905, 26, 1], [0.8838469378844619, 26, 3], [-0.8318926489029295, 26, 0], [0.847355434490958, 26, 2]], [[-0.7931608023336895, 27, 1], [0.9369372943612391, 27, 3], [-0.9329075861701226, 27, 0], [0.7891310941425728, 27, 2]], [[-0.8106112329357421, 28, 1], [0.9630357056314209, 28, 3], [-0.914023387138729, 28, 0], [0.7615989144430503, 28, 2]], [[-0.4310463788324082, 29, 1], [0.6687537369509473, 29, 3], [0.9625146819902306, 29, 0], [-1.2002220401087695, 29, 2]], [[0.42479287250965836, 30, 1], [1.2085570299715152, 30, 3], [-0.7048157343566052, 30, 0], [-0.9285341681245672, 30, 2]], [[-0.7041026930179878, 31, 1], [1.2510772812471682, 31, 3], [0.35478590838085716, 31, 0], [-0.9017604966100372, 31, 2]], [[0.9473050504136005, 32, 1], [-0.531496080685902, 32, 3], [-1.1389459737416014, 32, 0], [0.7231370040139052, 32, 2]], [[-0.7104356033924354, 33, 1], [-0.4401376667407532, 33, 3], [-0.33015542900375133, 33, 0], [1.480728699136942, 33, 2]], [[-1.4990567938511627, 34, 1], [0.5498067499915857, 34, 3], [0.4759371935380902, 34, 0], [0.4733128503214852, 34, 2]]], "dendrogram": ["68", "68.66", "68.66.59", "68.66.59.10", "68.66.59.57", "68.66.59.57.49", "68.66.59.57.49.22", "68.66.59.57.49.46", "68.66.59.57.49.46.7", "68.66.59.57.49.46.45", "68.66.59.57.49.46.45.8", "68.66.59.57.49.46.45.39", "68.66.59.57.49.46.45.39.14", "68.66.59.57.49.46.45.39.36", "68.66.59.57.49.46.45.39.36.9", "68.66.59.57.49.46.45.39.36.11", "68.66.59.57.53", "68.66.59.57.53.1", "68.66.59.57.53.52", "68.66.59.57.53.52.43", "68.66.59.57.53.52.43.2", "68.66.59.57.53.52.43.38", "68.66.59.57.53.52.43.38.3", "68.66.59.57.53.52.43.38.26", "68.66.59.57.53.52.47", "68.66.59.57.53.52.47.20", "68.66.59.57.53.52.47.40", "68.66.59.57.53.52.47.40.13", "68.66.59.57.53.52.47.40.15", "68.66.64", "68.66.64.37", "68.66.64.37.5", "68.66.64.37.28", "68.66.64.61", "68.66.64.61.19", "68.66.64.61.33", "68.67", "68.67.60", "68.67.60.54", "68.67.60.54.18", "68.67.60.54.50", "68.67.60.54.50.29", "68.67.60.54.50.44", "68.67.60.54.50.44.12", "68.67.60.54.50.44.25", "68.67.60.55", "68.67.60.55.34", "68.67.60.55.51", "68.67.60.55.51.0", "68.67.60.55.51.48", "68.67.60.55.51.48.41", "68.67.60.55.51.48.41.31", "68.67.60.55.51.48.41.32", "68.67.60.55.51.48.42", "68.67.60.55.51.48.42.23", "68.67.60.55.51.48.42.35", "68.67.60.55.51.48.42.35.17", "68.67.60.55.51.48.42.35.24", "68.67.65", "68.67.65.62", "68.67.65.62.30", "68.67.65.62.56", "68.67.65.62.56.16", "68.67.65.62.56.27", "68.67.65.63", "68.67.65.63.4", "68.67.65.63.58", "68.67.65.63.58.6", "68.67.65.63.58.21"]}