{"min": -1.4990567938511627, "max": 1.480728699136942, "col_dendrogram": ["6", "6.4", "6.4.1", "6.4.3", "6.5", "6.5.0", "6.5.2"], "clustered_data": [[[0.9473050504136005, 0, 0], [-0.531496080685902, 0, 1], [-1.1389459737416014, 0, 2], [0.7231370040139052, 0, 3]], [[-0.4310463788324082, 1, 0], [0.6687537369509473, 1, 1], [0.9625146819902306, 1, 2], [-1.2002220401087695, 1, 3]], [[0.42479287250965836, 2, 0], [1.2085570299715152, 2, 1], [-0.7048157343566052, 2, 2], [-0.9285341681245672, 2, 3]], [[-0.7041026930179878, 3, 0], [1.2510772812471682, 3, 1], [0.35478590838085716, 3, 2], [-0.9017604966100372, 3, 3]], [[-1.4990567938511627, 4, 0], [0.5498067499915857, 4, 1], [0.4759371935380902, 4, 2], [0.4733128503214852, 4, 3]], [[-0.7104356033924354, 5, 0], [-0.4401376667407532, 5, 1], [-0.33015542900375133, 5, 2], [1.480728699136942, 5, 3]], [[0.09863078622110173, 6, 0], [0.5412145763574241, 6, 1], [-1.4363136760444695, 6, 2], [0.7964683134659435, 6, 3]], [[-0.8721105109736645, 7, 0], [0.27892346077418095, 7, 1], [-0.6998224325747688, 7, 2], [1.2930094827742526, 7, 3]], [[-0.544357864730648, 8, 0], [1.1561148996248125, 8, 1], [-1.0739766619247748, 8, 2], [0.46221962703061137, 8, 3]], [[-0.4321623890244035, 9, 0], [0.6783158153913449, 9, 1], [-1.2007658078315053, 9, 2], [0.9546123814645646, 9, 3]], [[-0.397916566593134, 10, 0], [0.8828081332385289, 10, 1], [-1.2285371305661268, 10, 2], [0.7436455639207316, 10, 3]], [[-1.0807364697919897, 11, 0], [0.952127357024096, 11, 1], [-0.612892618345979, 11, 2], [0.7415017311138714, 11, 3]], [[-0.8993097234724905, 12, 0], [0.8838469378844619, 12, 1], [-0.8318926489029295, 12, 2], [0.847355434490958, 12, 3]], [[-0.7931608023336895, 13, 0], [0.9369372943612391, 13, 1], [-0.9329075861701226, 13, 2], [0.7891310941425728, 13, 3]], [[-0.8106112329357421, 14, 0], [0.9630357056314209, 14, 1], [-0.914023387138729, 14, 2], [0.7615989144430503, 14, 3]], [[-0.6827845161646228, 15, 0], [0.8052673479951984, 15, 1], [-1.0302225253008124, 15, 2], [0.9077396934702366, 15, 3]], [[-0.8103680344485836, 16, 0], [0.7660462984229512, 16, 1], [-0.914720797213447, 16, 2], [0.9590425332390792, 16, 3]], [[1.4674625460827133, 17, 0], [-0.7164098390782252, 17, 1], [-0.21541618210927438, 17, 2], [-0.5356365248952085, 17, 3]], [[1.4709342904763831, 18, 0], [-0.7381457300041694, 18, 1], [-0.25914770174084245, 18, 2], [-0.47364085873137135, 18, 3]], [[-0.6690596663316061, 19, 0], [-0.8681885602225644, 19, 1], [1.324070659654385, 19, 2], [0.21317756689978465, 19, 3]], [[0.027103584887098728, 20, 0], [-0.33536351127005004, 20, 1], [1.3456173991067855, 20, 2], [-1.0373574727238344, 20, 3]], [[0.5002267657068781, 21, 0], [-1.4262226674687601, 21, 1], [0.8417642908775347, 21, 2], [0.08423161088434843, 21, 3]], [[0.40036604350841876, 22, 0], [-0.8731858296817759, 22, 1], [1.2277408829558176, 22, 2], [-0.7549210967824603, 22, 3]], [[0.6521665701443329, 23, 0], [-1.1926707115494775, 23, 1], [0.9795273963555191, 23, 2], [-0.43902325495037103, 23, 3]], [[0.9740867940781831, 24, 0], [-1.0486266826744515, 24, 1], [0.7260220406614372, 24, 2], [-0.65148215206517, 24, 3]], [[0.9229289024647724, 25, 0], [-1.2088709137401652, 25, 1], [0.7112807530475406, 25, 2], [-0.4253387417721455, 25, 3]], [[0.8976980779758199, 26, 0], [-1.1462039241544606, 26, 1], [0.7759726278930628, 26, 2], [-0.5274667817144212, 26, 3]], [[0.8396143854366723, 27, 0], [-1.114426513965119, 27, 1], [0.8499158451606625, 27, 2], [-0.5751037166322154, 27, 3]], [[0.8135951323412862, 28, 0], [-1.1444073325427706, 28, 1], [0.8631440387108741, 28, 2], [-0.5323318385093898, 28, 3]], [[0.7756421251807853, 29, 0], [-0.8000378660485057, 29, 1], [0.9497535035691284, 29, 2], [-0.9253577627014072, 29, 3]], [[0.8675686056006137, 30, 0], [-0.7993261877746103, 30, 1], [0.8620020656197338, 30, 2], [-0.9302444834457378, 30, 3]], [[0.9263867785281822, 31, 0], [-0.7480337209960112, 31, 1], [0.7957947086918057, 31, 2], [-0.9741477662239765, 31, 3]], [[0.843916119419939, 32, 0], [-0.9595401137522228, 32, 1], [0.8825555632067891, 32, 2], [-0.7669315688745051, 32, 3]], [[0.605982331155278, 33, 0], [-0.9866375375891668, 33, 1], [1.081080821188957, 33, 2], [-0.7004256147550652, 33, 3]], [[0.7191246603026008, 34, 0], [-0.9986209595912007, 34, 1], [0.9902059120733956, 34, 2], [-0.7107096127847949, 34, 3]]], "labels": ["GSM1076966", "GSM1076968", "GSM1076965", "GSM1076967"], "dendrogram": ["68", "68.4", "68.67", "68.67.65", "68.67.65.62", "68.67.65.62.30", "68.67.65.62.61", "68.67.65.62.61.16", "68.67.65.62.61.27", "68.67.65.63", "68.67.65.63.21", "68.67.65.63.60", "68.67.65.63.60.6", "68.67.65.63.60.57", "68.67.65.63.60.57.18", "68.67.65.63.60.57.56", "68.67.65.63.60.57.56.34", "68.67.65.63.60.57.56.55", "68.67.65.63.60.57.56.55.29", "68.67.65.63.60.57.56.55.54", "68.67.65.63.60.57.56.55.54.48", "68.67.65.63.60.57.56.55.54.48.12", "68.67.65.63.60.57.56.55.54.48.25", "68.67.65.63.60.57.56.55.54.52", "68.67.65.63.60.57.56.55.54.52.0", "68.67.65.63.60.57.56.55.54.52.47", "68.67.65.63.60.57.56.55.54.52.47.41", "68.67.65.63.60.57.56.55.54.52.47.41.23", "68.67.65.63.60.57.56.55.54.52.47.41.35", "68.67.65.63.60.57.56.55.54.52.47.41.35.17", "68.67.65.63.60.57.56.55.54.52.47.41.35.24", "68.67.65.63.60.57.56.55.54.52.47.44", "68.67.65.63.60.57.56.55.54.52.47.44.31", "68.67.65.63.60.57.56.55.54.52.47.44.32", "68.67.66", "68.67.66.37", "68.67.66.37.5", "68.67.66.37.28", "68.67.66.64", "68.67.66.64.19", "68.67.66.64.59", "68.67.66.64.59.33", "68.67.66.64.59.58", "68.67.66.64.59.58.10", "68.67.66.64.59.58.53", "68.67.66.64.59.58.53.1", "68.67.66.64.59.58.53.51", "68.67.66.64.59.58.53.51.49", "68.67.66.64.59.58.53.51.49.22", "68.67.66.64.59.58.53.51.49.45", "68.67.66.64.59.58.53.51.49.45.8", "68.67.66.64.59.58.53.51.49.45.42", "68.67.66.64.59.58.53.51.49.45.42.7", "68.67.66.64.59.58.53.51.49.45.42.39", "68.67.66.64.59.58.53.51.49.45.42.39.14", "68.67.66.64.59.58.53.51.49.45.42.39.36", "68.67.66.64.59.58.53.51.49.45.42.39.36.9", "68.67.66.64.59.58.53.51.49.45.42.39.36.11", "68.67.66.64.59.58.53.51.50", "68.67.66.64.59.58.53.51.50.40", "68.67.66.64.59.58.53.51.50.40.2", "68.67.66.64.59.58.53.51.50.40.38", "68.67.66.64.59.58.53.51.50.40.38.3", "68.67.66.64.59.58.53.51.50.40.38.26", "68.67.66.64.59.58.53.51.50.46", "68.67.66.64.59.58.53.51.50.46.20", "68.67.66.64.59.58.53.51.50.46.43", "68.67.66.64.59.58.53.51.50.46.43.13", "68.67.66.64.59.58.53.51.50.46.43.15"], "names": ["HSPA1A", "GPLD1", "HSPA2", "GPLD1", "HSPA12A", "HSPA13", "HSPA6", "PLD1", "PLD2", "HSPA1L", "PLD1", "HSPA6", "PLD1", "HSPA5", "PLD3", "PLD1", "PLD1", "HSPA1B///HSPA1A", "GPLD1", "HSPA12A", "GPLD1", "HSPA4", "HSPA9", "HSPA8", "HSPA4L", "HSPA1B///HSPA1A", "HSPA4", "HSPA8", "HSPA4", "HSPA9", "HSPA9", "GPLD1", "HSPA14", "HSPA8", "HSPA4"]}