{"labels": ["250", "260", "150", "190", "210", "90", "110", "130", "70", "60", "40", "50", "230", "100", "200", "120", "140", "220", "240", "80", "160", "170", "180"], "dendrogram": ["18", "18.14", "18.14.11", "18.14.11.4", "18.14.11.8", "18.14.13", "18.14.13.0", "18.14.13.3", "18.17", "18.17.15", "18.17.15.6", "18.17.15.12", "18.17.15.12.7", "18.17.15.12.9", "18.17.16", "18.17.16.5", "18.17.16.10", "18.17.16.10.1", "18.17.16.10.2"], "max": 2.45489526518327, "names": ["YAL022C", "YAL040C", "YAL001C", "YAL020C", "YAL038W", "YAL039C", "YAL044C", "YAL036C", "YAL014C", "YAL016W"], "col_dendrogram": ["44", "44.42", "44.42.38", "44.42.38.30", "44.42.38.30.23", "44.42.38.30.23.21", "44.42.38.30.23.22", "44.42.38.30.29", "44.42.38.30.29.11", "44.42.38.30.29.28", "44.42.38.30.29.28.15", "44.42.38.30.29.28.17", "44.42.38.37", "44.42.38.37.5", "44.42.38.37.7", "44.42.40", "44.42.40.9", "44.42.40.27", "44.42.40.27.3", "44.42.40.27.25", "44.42.40.27.25.2", "44.42.40.27.25.24", "44.42.40.27.25.24.0", "44.42.40.27.25.24.1", "44.43", "44.43.19", "44.43.41", "44.43.41.6", "44.43.41.39", "44.43.41.39.16", "44.43.41.39.36", "44.43.41.39.36.31", "44.43.41.39.36.31.8", "44.43.41.39.36.31.10", "44.43.41.39.36.35", "44.43.41.39.36.35.33", "44.43.41.39.36.35.33.26", "44.43.41.39.36.35.33.26.18", "44.43.41.39.36.35.33.26.20", "44.43.41.39.36.35.33.32", "44.43.41.39.36.35.33.32.4", "44.43.41.39.36.35.33.32.12", "44.43.41.39.36.35.34", "44.43.41.39.36.35.34.13", "44.43.41.39.36.35.34.14"], "clustered_data": [[[-0.7832854928187496, 0, 21], [-1.1248590690479445, 0, 22], [-1.1053405789777047, 0, 11], [-1.085822088907465, 0, 15], [-0.1489345655359594, 0, 17], [-0.6368968172919519, 0, 5], [0.983137858537943, 0, 7], [0.6513235273438682, 0, 9], [2.2713582031737634, 0, 3], [0.41710164650099185, 0, 2], [0.6318050372736286, 0, 0], [-0.5197858768705138, 0, 1], [0.007213355025958155, 0, 19], [-0.9101556782753076, 0, 6], [-0.7540077577133901, 0, 16], [-1.1248590690479445, 0, 8], [1.0807303088891416, 0, 10], [-0.1489345655359594, 0, 18], [2.037136322330887, 0, 20], [0.18287976565811545, 0, 4], [1.1392857790998605, 0, 12], [-0.48074889673003435, 0, 13], [-0.5783413470812327, 0, 14]], [[0.913666220777878, 1, 21], [0.14975269442042274, 1, 22], [-0.0914831560082473, 1, 11], [-0.3327190064369173, 1, 15], [0.06934074427753274, 1, 17], [0.12294871103945941, 1, 5], [-0.3595229898178807, 1, 7], [0.6590283786587261, 1, 9], [2.45489526518327, 1, 3], [1.1415000795160661, 1, 2], [1.5703638136114795, 1, 0], [-0.5203468901036608, 1, 1], [0.09614472765849606, 1, 19], [-1.0028185909610008, 1, 6], [-0.8151907072942575, 1, 16], [-1.485290291818341, 1, 8], [0.47140049499198283, 1, 10], [-0.7883867239132941, 1, 18], [0.9806761792302862, 1, 20], [-0.6811707903894407, 1, 4], [0.3105765947062028, 1, 12], [-1.324466391532561, 1, 13], [-1.5388983657962012, 1, 14]], [[-0.2798148468492748, 2, 21], [-0.8648822538977585, 2, 22], [-0.3895149856708655, 2, 11], [0.0858522825560275, 2, 15], [-0.1701147080276841, 2, 17], [-0.46264841155192593, 2, 5], [-1.0477158186004099, 2, 7], [-1.6327832256488934, 2, 9], [-0.35294827273033524, 2, 3], [0.4149526990207996, 2, 2], [0.19555242137761822, 2, 0], [-0.1701147080276841, 2, 1], [1.109720244890874, 2, 19], [2.1335882072257206, 2, 6], [1.2194203837124649, 2, 16], [-1.0477158186004099, 2, 8], [-0.35294827273033524, 2, 10], [-1.6327832256488934, 2, 18], [1.109720244890874, 2, 20], [0.0858522825560275, 2, 4], [2.06045478134466, 2, 12], [-0.023847856265563183, 2, 13], [0.012718856674967052, 2, 14]], [[-0.9330414161540794, 3, 21], [-0.7605733702289282, 3, 22], [-0.6004244704412877, 3, 11], [-0.4402755706536472, 3, 15], [0.32351148987202305, 3, 17], [-0.36636069382858233, 3, 5], [0.5698944126222393, 3, 7], [-0.0707011865283229, 3, 9], [0.24959661304695818, 3, 3], [-0.5634670320287554, 3, 2], [-0.24316923245347424, 3, 0], [-0.193892647903431, 3, 1], [0.9887453812976067, 3, 19], [0.10176685939682846, 3, 6], [1.432234642247996, 3, 16], [-0.5634670320287554, 3, 8], [1.1365751349477364, 3, 10], [-1.1301477543542526, 3, 18], [1.900362195473407, 3, 20], [-1.228700923454339, 3, 4], [2.417766333248861, 3, 12], [-0.9576797084291011, 3, 13], [-1.0685520236666985, 3, 14]], [[-1.9273976191231066, 4, 21], [-1.8526418935921936, 4, 22], [-1.254596089344889, 4, 11], [-0.6565502850975844, 4, 15], [-0.4472342536110278, 4, 17], [0.9282710961577728, 4, 5], [-1.643325862105637, 4, 7], [0.7189550646712162, 4, 9], [-0.5967457046728539, 4, 3], [0.9880756765825032, 4, 2], [0.47973674297229435, 4, 0], [0.9581733863701382, 4, 1], [0.7787596450959468, 4, 19], [0.4199321625475639, 4, 6], [0.39002987233519865, 4, 16], [0.27042071148573776, 4, 8], [1.645926061254538, 4, 10], [0.8983688059454076, 4, 18], [0.6292481940341206, 4, 20], [0.5096390331846596, 4, 4], [-0.9256708970088714, 4, 12], [-0.11830906127501024, 4, 13], [-0.19306478680592332, 4, 14]], [[0.3061475788319902, 5, 21], [-0.4404719059482116, 5, 22], [-0.3117444103478665, 5, 11], [-0.18301691474752133, 5, 15], [-2.9635308197149777, 5, 17], [-0.23450791298765938, 5, 5], [-0.36323540858800457, 5, 7], [0.6923300553348262, 5, 9], [-1.0326183857097995, 5, 3], [1.0785125421358617, 5, 2], [0.46062056325420475, 5, 0], [1.5161860271770353, 5, 1], [-1.0583638848298687, 5, 19], [-0.15727141562745225, 5, 6], [-0.49196290418834976, 5, 16], [0.10018357557323818, 5, 8], [-0.3374899094679355, 5, 10], [0.46062056325420475, 5, 18], [0.04869257733310008, 5, 20], [1.0527670430157927, 5, 4], [-0.8781453909893853, 5, 12], [1.5161860271770353, 5, 13], [1.2201127100597442, 5, 14]], [[-0.6505343679895226, 6, 21], [-0.7070669516057406, 6, 22], [-0.5751575898345653, 6, 11], [-0.44324822806339015, 6, 15], [-1.083950842380527, 6, 17], [0.21629858079248598, 6, 5], [-1.328925371384138, 6, 7], [0.3482079425636612, 6, 9], [-1.5173673167715311, 6, 3], [0.2539869698699646, 6, 2], [-1.6681208730814456, 6, 0], [0.4801173043348365, 6, 1], [-0.4244040335246508, 6, 19], [0.49896149887357577, 6, 6], [-0.10405272636608243, 6, 16], [1.0265989459582767, 6, 8], [0.9135337787258407, 6, 10], [1.7992109220465886, 6, 18], [-0.29249467175347554, 6, 20], [0.574338277028533, 6, 4], [-0.6693785625282619, 6, 12], [1.7426783384303706, 6, 13], [1.6107689766591955, 6, 14]], [[1.412279217967182, 7, 21], [0.8901736976624374, 7, 22], [0.6042587698765057, 7, 11], [0.31834384209057415, 7, 15], [-0.6015563603511189, 7, 17], [1.1885197092651485, 7, 5], [1.611176559035656, 7, 7], [0.8653115300288781, 7, 9], [-1.4220078922585748, 7, 3], [0.7410006918610818, 7, 2], [-0.6015563603511189, 7, 0], [0.591827686059726, 7, 1], [-0.9247645395873895, 7, 19], [-0.2037616782141706, 7, 6], [-1.2976970540907786, 7, 16], [0.6664141889604038, 7, 8], [-0.4026590192826447, 7, 10], [0.7410006918610818, 7, 18], [-1.173386215922982, 7, 20], [-1.0987997130223042, 7, 4], [-1.993837747830438, 7, 12], [0.19403300392277772, 7, 13], [-0.10431300767993353, 7, 14]], [[1.0351072047280492, 8, 21], [0.4682627817956159, 8, 22], [0.1735036909402614, 8, 11], [-0.12125541805411463, 8, 15], [-0.12125541805411463, 8, 17], [-0.030560310384925307, 8, 5], [-2.2525904482800634, 8, 7], [-0.3026456333924933, 8, 9], [0.06013479728426401, 8, 3], [2.1461222736756187, 8, 2], [-0.8014687255730345, 8, 0], [0.24152501262264264, 8, 1], [0.8763907663069678, 8, 19], [-1.3002918177535756, 8, 6], [-1.6630722484303329, 8, 16], [0.37756767412642667, 8, 8], [-0.12125541805411463, 8, 10], [0.6496529971339946, 8, 18], [-0.21195052572330395, 8, 20], [-1.1189016024151972, 8, 4], [-0.3933407410616826, 8, 12], [1.28451875081832, 8, 13], [1.1258023577447924, 8, 14]], [[0.6075330841609375, 9, 21], [0.6075330841609375, 9, 22], [0.8854104323140937, 9, 11], [1.1632877804672497, 9, 15], [-0.38488601638604847, 9, 17], [0.6075330841609375, 9, 5], [-2.885782149764453, 9, 7], [0.7663201402484554, 9, 9], [-0.5833698364954455, 9, 3], [1.1632877804672497, 9, 2], [-0.30549248834228954, 9, 0], [0.647229848182817, 9, 1], [-0.18640219627665125, 9, 19], [0.4884427920952992, 9, 6], [-0.6627633645392045, 9, 